,
0,"""@beuno: RT @newsycbot: Drchrono (YC W11) Is Looking for Senior Python/Django Engineers https://t.co/KEDD7MddfN (cmts https://t.co/fa3MKcW3at)""
""0.0"
4,"""@lizardbill: @kunde21 @BecomingDataSci I did a quick simulation in Python that corroborates that answer. :) https://t.co/QQgs9kFYD0""
""0.0"
2,"""@machinelearnbot: AWS Machine Learning: A Complete Guide With Python https://t.co/3i9rnn4Ohm #machinelearning""
""0.0"
0,"""@VoidDecay: C,C#,VB,Java,PHP,Python,Ruby""
""0.0"
2,"""@jobfindlypython: Associate Quantitative Research Analyst Phd Python G Jobs #jobs #jobsearch https://t.co/XztcArMsMw""
""0.0"
2,"""@DrAndyPardoe: RT @kdnuggets: The Qt Console for Jupyter, enhanced ""terminal"" catering to Jupyter notebooks #Python #DataScience""
""0.0"
2,"""@pypi_updates2: torcms 0.5.13: Flexible, extensible Web CMS framework built on Tornado, compatible with Python 3.4 above. https://t.co/59fFzGhSQH""
""0.0"
2,"""@eworkDE: Backend Developer Python (m/w) at scondoo GmbH (Berlin, Deutschland) https://t.co/ASf0gymnhr #ITjobs""
""0.0"
0,"""@Carotene: RT @monotarosamurai:""
""0.0"
0,"""@KCTV5: Python gets stuck in woman's gauged earlobe. Watch &gt;&gt; https://t.co/KXe9g5uNck https://t.co/zuKnz4CY3n""
""0.0"
2,"""@earaspi: This Hours Photo: #weather #minnesota #photo #raspberrypi #python https://t.co/DnSdG9rWzH""
""0.0"
0,"""@davidames: Fancy some more advanced Python CPD? Join me at East Riding College on Feb 15th: https://t.co/Tv5eBPe8rc""
""0.0"
2,"""@ebay_WofLuxury: #Trending - Gucci Blue Python &amp; Bamboo Bar Large Tote Bag https://t.co/khQErku5kq Ebay https://t.co/k2REBPYb0F""
""0.0"
2,"""@LazyConsultant: Mathematical Modules in Python: Statistics https://t.co/aysd70UyOI #cybersecurity""
""0.0"
2,"""@number1promo: @alottoraxx #RichieRaxx #vbomber #exotic #skin #python repsanscales https://t.co/b9BuTc6xSZ""
""0.0"
2,"""@FeatheredSchist: TW: #snake #bodyhorror""
""0.0"
4,"""Wow, not something you see every day...maybe... https://t.co/Cs5hj9Zrs2""
""0.0"
2,"""@number1promo: @alottoraxx #RichieRaxx #vbomber #exotic #skin #python repsanscales https://t.co/06gwTHk0YU""
""0.0"
4,"""@justinundadasea: RT @staples_lm: come see these BEAUTIFUL friends of mine in monty python's SPAMALOT this thurs, fri, and sat at 7 @theatre_west :) https://""
""0.0"
0,"""@fabricedepaulis: RT @newsycombinator: Million requests per second with Python https://t.co/dOxP1OKsX6""
""0.0"
0,"""@PagesJaunesTech: RT @newsycombinator: Million requests per second with Python https://t.co/dOxP1OKsX6""
""0.0"
0,"""@jobs_Deutsch: glomex GmbH: Web Developer PHP / Python (m/f) (Munich, Bavaria, Germany)""
""0.0"
0,"""@dlonorse: RT @VoxHumanaMedia: For you Monty Python fans. #SeanSpicer https://t.co/v6oMByW73W""
""0.0"
0,"""@no_maddo: python""
""0.0"
2,"""@GreatBossMoves: https://t.co/VlTeQx9Om8 #shoes Kobe Elite ,red Python,Kobe ,Kobe 9 Elite ,Nike Basketball Shoes""
""0.0"
4,"""@DarktrisDani: Tweets and python BFF &lt;3 6477800.011591586""
""0.0"
0,"""@yopolymer: RT @jlouis666: https://t.co/kt7F7uoNSb whenever performance differs by several orders of magnitude, you should be cautious""
""0.0"
2,"""@TheAhmedSherif: Visualize your trip with Flask and Mapbox #python https://t.co/1GCcfdx3hr""
""0.0"
4,"""@pverdon: RT @vince2_: Million requests per second with Python by @squeaky_pl https://t.co/0UNcNotSgt (it uses a C extension, but quite interesting""
""0.0"
0,"""@kiawin: RT @nixcraft: Million requests per second with Python. Is It Possible?""
""0.0"
0,"""https://t.co/N59BE33Tht""
""0.0"
2,"""@chemacortes: RT @ContinuumIO: Anaconda 4.3 Released - Includes full #Python 3.6 support, updates to Intel Math Kernel Library &amp; more: https://t.co/0xhqe""
""0.0"
0,"""@nida_001: RT @no_maddo: python""
""0.0"
0,"""@lil_green_kc: NOPE https://t.co/KgX5X3Rf4f""
""0.0"
4,"""@DarktrisDani: Tweets and python BFF &lt;3 4683517.43387027""
""0.0"
0,"""@WelcomeMeBack: https://t.co/xvIXPSHQNh Kobe Elite ,red Python,Kobe ,Kobe 9 Elite ,Nike Basketball Shoes""
""0.0"
2,"""@StarPock: RT @ardufreak: Bueno chavales esto ya ha empezado... Curso de #programacion  en #python  desde cero! https://t.co/1zy6gtvjD9""
""0.0"
0,"""@mkmabey: RT @ThePSF: Time To Upgrade Your Python: TLS v1.2 Will Soon Be Mandatory https://t.co/0cHQ8ENYQn""
""0.0"
0,"""@nida_001: pythonpython""
""0.0"
4,"""@LisaTeachman: NO...NO...and NO!!!!!!!!!! https://t.co/6cpc8zHZen""
""0.0"
0,"""@masstechgroups: A command-line musical alarm clock (Python) https://t.co/OZZoDvFzZM""
""0.0"
2,"""@SimonIbbitt: C#, Java, #Nodejs, PHP, #Python, R. Choose your programming language &amp; start building an app w/ #SQLServer: https://t.co/II2zKKfJVx""
""0.0"
0,"""@func_hs: Python""
""0.0"
0,"""@IcanChangeBaby: https://t.co/4LUE3ii8zp Kobe Elite ,red Python,Kobe ,Kobe 9 Elite ,Nike Basketball Shoes https://t.co/mLWI9apTMP""
""0.0"
0,"""@AspiringThrawn: RT @michelelfrost: All the hell noes ever in the history of the world (h/t @R_U_Srs) https://t.co/xxz9NaEE3b""
""0.0"
2,"""@SwBeterMaken: Multiple #python packages in 1 project?""
"
